{"min": [-511.53301952632955, -474.87285517046166, -476.9796575454093, -1024.9698615712168, -366.7636520130386, -822.4228215713417, -643.1770462423168, -578.7725473880067], "max": [582.6157569686384, 540.380152879974, 554.3468929549017, 1343.8650891912246, 610.0091466641261, 1119.2298338343778, 814.5182031713722, 704.6635196186039], "clip_val": 1.0005543231964111}